sha256,method_count,filtered_method_count,category,package_name,is_third_party
FA26D4457A695CA8EECE2BDFDF616764B523524F56094976658982C3CC5B8F76,53393,34699,Backdoor,com.tony.shoot.newmigame,FALSE
3E169ED78124322B2A5C666DDFD39ED2A95D43B5C57BB84E3ABE394FF2489307,23532,14605,Riskware,com.jianwan.qmxyjfsb,FALSE
A5691DBB9E71FA5482111A1C8508836385D5022786DBE85DE4BCEE447429EB41,54373,32177,PUA,com.wczb.mi,FALSE
45147A1482968D8DC14471FFF057235DD09842E7DA9BE61D0958EEB2C728DEA1,37072,24927,Adware,com.m4399.gamecenter,FALSE
A34DFE68CB6391DDB4AA634308353E4FD70B0F0C4FB33C9EED7FB6B5364F4F74,37072,24927,Adware,com.m4399.gamecenter,FALSE
C47FAC9CA0654679F5680E878DF2189B907143F31B69275C9AEE6F4FCC554C69,1744,1007,Backdoor,com.ar.pedidosfree.restaurant.hornitopa,FALSE
181C481D413988035E16C14A89376367A10BE98D320167A2658A2DB66056ED7A,1744,1007,Adware,com.ar.pedidosfree.restaurant.hornitopa,FALSE
8FA35F05C5A2E1149301C2F6AAAE5528E84B7ECF3DA94593A5ABEE7B3C3C6299,7756,5217,Riskware,com.mygolbs.mybus,FALSE
79058796590225377C0C478F6C1F46DEC8902ADD50A7E97461D0F41FBD0F1763,53316,35306,Riskware,com.qq.ac.android,FALSE
76BC31138E0C919A90EE8BA61670CF921FBC14CF78A1C94C515D235FB9CACCEC,37950,25795,Scareware,com.gufhn.plknhh,FALSE
4B5802CFEB8CEBCA6721B1A66F7C903E6CDF2EBF5B6B9E38BE3C67249D730265,52741,29993,Riskware,com.boyaa.lordland.sina,FALSE
58532F8ACA8D454932DDB4BA97F24D32B25792DC4298E487C5BD530B80B1A499,1739,1434,Adware,com.just_soft.local_music,FALSE
4AF11929518BDDBC783BFDD26A3891FCD7B8193E7307FE2B436880DE01FE79BD,7534,5197,Backdoor,com.latuapp.builder.app57fa00bf95190,FALSE
2D9E556C9C47206F99DAC19BF6A4BF582C9DDC108FA80A796A66D596B651B9D9,7534,5197,Adware,com.ciboapp.ciboemployeeapp,FALSE
1F55015446A5FC98EBB9206097CC88B51A6BEE1E279162C07AF4C71FA1570019,37072,24927,Adware,com.m4399.gamecenter,FALSE
5E065A7F16CE87C6E840332E5A78C217E76F07F437D6942C0053511A961C7669,37950,25795,Scareware,com.gufhn.plknhh,FALSE
46B72758A72B33A1E3B8EC4DF9B8569468D93A611F8BF5303110F065F22B4BB8,37072,24927,Adware,com.m4399.gamecenter,FALSE
5CDC7C204A862A08ECA889ED2A0D729FA18DA3B164A82FCD36FF1118369A0340,24227,15302,Riskware,com.game.ryhj.hhsy,FALSE
0796E2F933FD24D05E87049B589C70455195DF7C094E989FE8D7976C8CBB36DB,7534,5197,Adware,com.idapps.resep_puding,FALSE
F54852AFD11ED3F035EE00396DBA6A7A3333C270907298DF4754554E3F947F97,7534,5197,Adware,com.chownow.bootleggerssalooneatery,FALSE
F7F4F1E90EFA42B795205EA7756D276E0ECB7CC1E3508070E32885B3745FA346,7534,5197,Adware,app.com.rosida,FALSE
B40E9B0C3CA88545DC698E082A854D8C23C9A469A8E062B012F33D3561B18ECB,7534,5197,Backdoor,io.gonative.android.mdyrmm,FALSE
1E8C898E3BB9FF0AC15CBEED76CF57219A40A143F2FE07981A7739B007D2BA87,7534,5197,Adware,io.gonative.android.mdyrmm,FALSE
3EA6BF5855D8F39F22BE66CE70A24155338CBF23FA412C7F7DC330A60ECAA7AA,37950,25795,Scareware,com.gufhn.plknhh,FALSE
F522A8B51C6F9FDE22F1869AC09C016050AA0179483B0AE42A14010226E58D35,37950,25795,Scareware,com.gufhn.plknhh,FALSE
F2DD21EAA630D218AB749DB99337DA9EA969BCE4D831D3DC9D9091541DE6E0C3,37950,25795,Scareware,com.gufhn.plknhh,FALSE
333196B187127C35DEFF4CB240EF614CD9261889A98644363530F82AC7040EDC,18262,12101,Riskware,sogou.mobile.explorer,FALSE
46A0B736A9253CFCCEF3EF780F251ED4A585061C936BE54B16DB6CA9B5538109,37950,25795,Scareware,com.gufhn.plknhh,FALSE
00EF81B72BDAA99B4B1A6164FB1CB31692C27C8D5F03ABA78683E5F0277BFF68,37950,25795,Scareware,com.gufhn.plknhh,FALSE
F59C87979795676CBF10AA5C3C3C491F70C7ED0D284B65FF7549BB5983417BA7,27419,17226,Riskware,com.dscqmvb.bzgame.ledoudou,FALSE
6D27AD04B560AA5A5CA8302EA15BE7D60B4518ADCE9C0B723946D5B7FE5EC0E9,29416,18412,Adware,com.yxxinglin.xzid15599,FALSE
13135C6F4936FBFD13984F859A60D303D653ABB480D52FF3290C545C2373080D,25980,16207,Riskware,com.bgsg.ldd,FALSE
2BE66F3DD564AE05650A7860FF82DADD8DC76A4C76F6B08565C7DE83110ECF68,37950,25795,Scareware,com.gufhn.plknhh,FALSE
8F248FE020A79BCF601A541B8D0947CDC98E0A24BB50C70AEFFDA3ECA153B574,37950,25795,Scareware,com.gufhn.plknhh,FALSE
4EEB104BF2ABA59F12221D40F6623CB49CEC085BEC9319A4629F7AB507F377BB,4221,2657,Backdoor,com.ltcdisc.fun.flydisc,FALSE
5FC6519B8838F25D75FE5650062060921D4CB890FCE1ED706AF704527269FA62,37950,25795,Scareware,com.gufhn.plknhh,FALSE
2BDEEBD6FD7603330A6E804A3EB09EA8D2211DCF727EB50AF479B628EA0A450D,37950,25795,Scareware,com.gufhn.plknhh,FALSE
AFB0EC83D5F20C92E1D2BFAE849DF8786C0424345EE8597E3DC27F2BBDFD717E,18262,12101,Riskware,sogou.mobile.explorer,FALSE
0ED25E9D82F3B09EBD52EEF8B78C2915824E4F4D4DBD1EB5A3B7196032A608DB,28599,16239,Riskware,com.zq.yesg.aiqu,FALSE
7266DF94FB8F92C08E129E334978F3D0ECCA3DB2E54BFBAB6438D422E74918D5,27907,17393,Riskware,com.sskl.game,FALSE
5D95427CE631D3E138DB78C9AA7D281F24C1C273428CA8C249C2029AC3EAEB19,17300,10396,Riskware,com.jtgame.xyjqxlmv.niudaosy,FALSE
36687F70F9C314C0816FDC2C8B6BCF0B4FD4F76AF85CD509E719EF25815C384A,24201,15284,Riskware,com.game.tlqgb.hhsy,FALSE
1083FED1941985C9C23B6C44636D794DECECD51E0B28F4DB01A3E4E91A4417C3,17966,10764,Riskware,com.xmqtn.yueyou,FALSE
EC1F5DE91D968A75FCBA28AE5C2EF4A79AAEC1972A10BF644011FA3D4FA4E918,31355,19904,Adware,com.app.landmcafe,FALSE
E59EC538A5CAA9059AD4725D627758422D54EAF92635665BEEAE31A944194112,56102,37585,Backdoor,com.drawing.one.line.touch.stroke.maomao,FALSE
1C6B5CDF066AF85AAB5B4E4AC028AD8B2FAB2C3328EB4487ECCBB851A5436161,17517,9945,Backdoor,recetas.decocinafaciles,FALSE
8795C6A24626F2FE2A1962C9C02FC63C7C8A8D6DC130174EA1573913399ECC73,9204,5676,Adware,com.mpa.shamlola,FALSE
CF519D49F0577F930B001C956260CBAC2D97D46601748779B7ACCFCDB297BFE9,17517,9945,Backdoor,teamsviluppo.com.arnolds,FALSE
6CA3E3FA202FBF4838FDE5AE30FBF080D7A76CF6488411EE51545E92179DF262,9204,5676,Adware,com.iws.deals,FALSE
FADB9732847F732A18B783DA0073FBEC4C327517B05C7E19AFD240194D1F4712,9204,5676,Adware,com.usefulxapp.chan,FALSE
680FF03255FCCC1AC33C2B74D743D3269EA385AE60317883D2037535CB23392B,9204,5676,Adware,com.ninefold.bondisushi,FALSE
2FED370064E6CCB6E64014C5E55DEDE8F1B772B19AEC32694BE58CF3A3886472,24074,15206,Riskware,com.jyfsl.jlhd,FALSE
D06D6A80BF405728CC05C18F87ACF11317F86FE12192A8262B7FD06CBA172AEE,9204,5676,Adware,com.iws.deals,FALSE
E28C436B49A5DED83ABB5FC7FD2E8026667B18FD74B887D7EDAD3BFAAF200611,9204,5676,Adware,br.com.starwaysistemas.acaijapajuusu,FALSE
706B0B4235CB378926281243D971E1A7001240EE13673181FF3E4F14689DEB1C,9204,5676,Adware,br.com.retropizzasdelivery,FALSE
2BF928252EA97C100664804C1CA08EC1C9B15FE9178C2A4445E18BCB326FA973,9204,5676,Adware,com.br.delicias,FALSE
0BB995D535B156CBEB352446C0B2EC203979FA6EE1D748098C46A3963AEC91C7,43599,25368,Backdoor,net.keycarfob.fobkeycar,FALSE
70D9620044DA08EF29B5CC231C2AB5A99C95E407CA281A0AC367DB439BD55793,17343,12329,Adware,ru.dvfx.vilfoods,FALSE
0C5FA44B0AAC14D4722D65B2F2002447F6BEE43AD315B23ED29F86376A03D88B,17343,12329,Adware,ru.dvfx.vilfoods,FALSE
6C008079752223E30AA8A4522835BFEDE39BE61F4798CF192824ADA2E5D7BEB6,17517,9945,Backdoor,com.allinone.foodstore,FALSE
98814CC68F185CD667165FFCFE1F7A78CE56A7B66ED55E8B6E4E846D776CAC9D,9204,5676,Adware,com.goldmobileservices.militarydiet,FALSE
EEF58BC6629A143F90FBE545AA9FC8943B666D4C185A79B42B186B564B167422,9204,5676,Adware,com.goldmobileservices.militarydiet,FALSE
C3C895FB8E74157638EF1508449556BC6A18F3BAD577F478BB1B83D9E36EF204,9204,5676,Adware,com.ninefold.bondisushi,FALSE
C621DD15C1536BD7DD5DA35652C6897CCEBAAFC9198DB951EAA3891A5D84C40E,9204,5676,Backdoor,com.chownow.shogunhibachisushi,FALSE
43CCE197C284142BD911EA08E7E2667E6EAED61EA64E8B6C11E165FEE224E826,17517,9945,Backdoor,evolver.parkash.bakery,FALSE
85C45BA97F7D3A39D4AD8C5358D14B8BA1239419227F7E63C884DBDA8755D945,9204,5676,Backdoor,com.chownow.majorbeancoffeesandwich,FALSE
852F1571F67B2763E712ED8D934E3EAE2AC9D6FDC6119AE4ED5129E7898CE34B,9204,5676,Adware,com.goldmobileservices.militarydiet,FALSE
154CD93CBDD1A5683BFBBBE94C4D329A3D2B3649BF221CC9E70F5661750D8CCA,9204,5676,Adware,com.ninefold.bondisushi,FALSE
C7B7A1C8DD135DECD9E51161135EBABD5F46E7FA3A23CB728F54B77DD5DC66D3,17517,9945,Backdoor,com.gentongsehat.fudzapp,FALSE
3338956DC034EFF6B07F4DEFD7C4788B43F61D2C83BB9FD219AAD27759A94017,17517,9945,Backdoor,com.gentongsehat.fudzapp,FALSE
C892B6BBEACE7632E69580B540B9F941A8B8CD3DDF49923862DA91713FDEF87B,17517,9945,Backdoor,br.com.oneside.deli.acai,FALSE
3A97C47F2578FCE00C4B208BD231E214E8F62117679FF48C03108809494E0CF0,9204,5676,Adware,com.ninefold.bondisushi,FALSE
CDA4242D0F53617074AB39195571B0F1344496B36D837151EDA6DFCB9BEA80CE,9204,5676,Adware,com.iws.deals,FALSE
A67A4D5EED2C2A17848D03C95B093B0EB8B8FFFCDC052FE6369F221DB76A4E45,9204,5676,Adware,br.com.retropizzasdelivery,FALSE
0D9F676488DC9DB10C425729506D57FDE72ECDC51A8ACE22810D5FCE04DEC15C,9204,5676,Adware,com.chownow.majorbeancoffeesandwich,FALSE
F74008699A2F07ACF9BDCBA590042B162FA520B0DF902B7647949A3DA2170EF1,17517,9945,Backdoor,com.br.megalanche,FALSE
C57EDC04319C29373FFC4F71B2113C49E009963BFBD57856DA63EA042A14073B,9204,5676,Adware,com.goldmobileservices.militarydiet,FALSE
BA69A7377076C86EBFF71E4D377AEAA1657445E723DC6AA62F60B83ABE0D2781,9204,5676,Adware,com.ninefold.bondisushi,FALSE
87C0B4C085B0DB820B3561952D3854891CBF9ACD06569723897BCA16FB308879,9204,5676,Adware,com.br.delicias,FALSE
D3BAF97F8FF1BD89C8CB1B3A83D27C8D58AFF63D6732F5566FFB8578B22948B2,17343,12329,Adware,ru.dvfx.vilfoods,FALSE
85102AB0ED73B88484109B25C4A934B7894181D635F30AF95603CC45358B9454,13883,7775,Adware,sistemavitto.braza,FALSE
FBDD30B8970A90CC8854016DF5A69C8B74558E1E443E3ECB3A95402402ACDA2C,5436,3454,Adware,com.takeaway.cappios,FALSE
8A47BEF6637E32658437D8530D9E89A2491B8FDC85BD6E1464D45ECD7B5B6BC5,5436,3454,Backdoor,com.bookhotfood,FALSE
93932B827D60057318ACDFD033E2AD8ECD9E26B6A0836796DF78DFCD81A5E79B,5436,3454,Backdoor,ua.FoodSoul.DonetskSushiTaun,FALSE
29CB430CBD5A460BDE074C96165F1B3FC00C2CE7E8F53508E1112EC2D26C6B44,5436,3454,Adware,goldenburger.creapp.com,FALSE
0B829446310C0AF23F2397BACE090926BFB8DFE02F9114B8371AEA3C407D0100,5436,3454,Adware,com.producepro.checkout.marchese,FALSE
90BEDECAB5A49F1FEE7DD4B12EC25061CE07F31FA3BA08960BACD84DC8297A65,5436,3454,Backdoor,goldenburger.creapp.com,FALSE
EB1FE29F1FB319DA9E2A0EDE1DC59962939EF0654CA8C95832263428F47A3EA8,5436,3454,Adware,goldenburger.creapp.com,FALSE
E473A168B596D813DCD5ADDACBB00C99B5FA55EF0869C07D7EAC965ACBE89B66,5436,3454,Adware,com.ce.android.brand.streatsfooddrink,FALSE
AF7BCA5E5C3A7167378D309862D38D2BB4A9AE6D3C146DF9F518911DF78951B7,22225,14925,Scareware,ad.kohgfg.grttggd,FALSE
DF67E097216C2D4A5FFFE3B485545E86106413474BC4E56C7826525F8275E032,5436,3454,Adware,ua.FoodSoul.DonetskSushiTaun,FALSE
58C97B16C67302C5CDB7AF6E43891289EA12BD7D5A6B99AA142708CF9772EA2E,5436,3454,Adware,com.ce.android.brand.streatsfooddrink,FALSE
07C1102956B997D772690640FF2B318C611FC28E8E8F283ED48654C0BD41BEA2,5785,3506,Adware,com.laalsa,FALSE
7C5453F6FA763395A0CF7A7870FF8EEE6F470E8EF1E4503415ABB8BC2696D53A,5436,3454,Adware,com.ce.android.brand.streatsfooddrink,FALSE
91514F1C0A2C70091FF9E44CBD0F0B01EB6A4BECF66EF6A69B22FB6608A39AE3,5436,3454,Backdoor,com.andromo.dev863301.app983787,FALSE
7B8CF4E86ACF4218634C83A0BF1E0BF9A99F8EB766E21663E68C17EA39CC36E7,5436,3454,Adware,com.ce.android.brand.streatsfooddrink,FALSE
1DF4C49CC1EB30D83D5A0C63C13C9B3866F90EDF208E3221D2CCCD5C984412B1,5436,3454,Adware,com.ce.android.brand.streatsfooddrink,FALSE
FD3064E387678FD86F045FB33B5D27ADA379FC1E16A5F3432FA3379BA5E229EB,5436,3454,Adware,ua.FoodSoul.DonetskSushiTaun,FALSE
24AE3C4C672FA3C47AB6C8540E8523E21A8419FAE818EEB9E6080A57DF7766CE,5436,3454,Adware,ua.FoodSoul.DonetskSushiTaun,FALSE
6C6C5C693BD3AF0E8903C865176254DB02DC32FFEE60109E5328DB303FBCCB4B,5436,3454,Adware,sistemavitto.viplanches,FALSE
DE322B8ED8FE90638F710C6E19488161836219FF07F796A06928BE8771F0F068,5785,3506,Backdoor,com.saywx.jtwcsp,FALSE
2623526D4B90CEE7E37FF64333D27644FF66CD06749912A142DDB970A4A8003F,5785,3506,Adware,com.saywx.jtwcsp,FALSE
BFC40C1589327C0718906CD09CF346A68BBC2554D90E5C693CB3817744AD397F,5436,3454,Adware,com.ce.android.brand.streatsfooddrink,FALSE
2FD4947BD01461CC4D4FDA315B025005A37A5DEC2BF1794E0306531AFF652D16,5436,3454,Adware,ua.FoodSoul.DonetskSushiTaun,FALSE
B61299781D5DF2DFC4D6C0728F823AD7FD8D42FA93EF801D2CE1687E8B0AC268,5785,3506,Adware,com.wRoyalGrocery_8098929,FALSE
CDFBD148130E98026C563DCD843880C36760FD382D39F790B228A06B9A2B0E54,5436,3454,Adware,sistemavitto.viplanches,FALSE
F1F1C9CE09656E0578DFA7C0C203126898B2F3FC97213D2E5C333ACD687AFB34,5785,3506,Adware,com.viralapp.juicerecipes.viral,FALSE
1BCCD95BF52F84B07BF59FA7FFEA9A99EE123EE762E94FF81A08BA0D55C825D9,5436,3454,Adware,goldenburger.creapp.com,FALSE
426C3C28AF52F255C55CC7FF5B644A06D98CB9DFEC81ADBE33D3720AEB5E6462,5436,3454,Adware,ua.FoodSoul.DonetskSushiTaun,FALSE
95815834AD1F3948547D1D48B7F2D40EE8C19FBBD6C6DA902D2A7E38FCEFD5D8,5785,3506,Adware,com.viralapp.juicerecipes.viral,FALSE
D6C72BD4ACA77277F59D194674716C722C14477A8E1042FC04CDB6CED4EB3E3A,33808,21340,Riskware,com.zw.ds6126,FALSE
F3028BE329090E5858ABCF26FB7106A6CCD95A7DC652D3315D162E098FB925AA,5436,3454,Adware,com.technion.android.feedme,FALSE
AF511A327AFBB33AA014D786AE7B29D3949BA90CB40AC7297C54B315BCF8E0D3,1744,1007,Adware,com.ar.pedidosfree.restaurant.hornitopa,FALSE
60D62FE962C6E53434833AA6B56DBEABA6091AD41976372EA439C1D916E17066,5785,3506,Adware,com.viralapp.juicerecipes.viral,FALSE
0566D320147F1CF61B5C9910C02AE03CF06383C55F330187D4E4339B782FD83E,5436,3454,Adware,com.ce.android.brand.streatsfooddrink,FALSE
08CEF92D7134D4EC234F6486EEF5D1EB0D388CD5F732C20C7E16A6F9D209F89D,5436,3454,Adware,ua.FoodSoul.DonetskSushiTaun,FALSE
16D148CC3397E091CB1965B5D6F07C49FB0A1625AF0CE32E256A036EFDBFC04D,5436,3454,Adware,com.ce.android.brand.streatsfooddrink,FALSE
1E1872D23848302DCF815DEBFC32601C4CD0AFCCAAF9C9C6AA4E30D412E3EA34,2739,1779,Adware,com.rodrigodiasweb.pointlanchesalvorada,FALSE
2B5239092A5E9FF6E6A39522246013587E55EBC54059B709F3F7800445F02E74,2739,1779,Adware,com.bayleafkitchen,FALSE
C7D140B97488D2150145F0CE869251D3E938101FFB0D545413AE0CD0E85C1707,2739,1779,Adware,com.beerbottlecheck,FALSE
B1E4733961BF9BD46A67502DE6235D58CE7D04A7FD191A7ECBAC07134401375F,2739,1779,Backdoor,io.ionic.starter45,FALSE
675E4260C6D983A1185C0A4E179894DF38975B094FD21009112F6C5FBFB73693,2739,1779,Adware,com.bayleafkitchen,FALSE
3B21620B51A616976A490D4A9CA99202DC4DC3EA05E5CD9D79FF6FD2A70F791C,2739,1779,Adware,com.brahm.indianrecipeshindi,FALSE
AE0BED8E8AE432FFE9B20393E0BC777F8DB43AC6F993918C9C0C8B3D19ACC200,3003,1981,Adware,com.punchh.mrpizza,FALSE
F6853B1EEEB96F881964CC579B189ED9EE8B0C5539F9D6844EAB9569570628FC,17343,12329,Adware,ru.dvfx.vilfoods,FALSE
22A45D4CB8E330B505B669D2C62B5300BD65F3CE1C1FEF7853B2800691A11248,54154,37346,Backdoor,com.candywriter.bitlife.hack,FALSE
C98929D119346B376D8FFE836A912262170419A8C57EACAF3D2A93B78976EE02,2739,1779,Adware,com.bayleafkitchen,FALSE
45C1A863C530DB1044E9DAD838D88AD60DBDD2B522FC31086DF11D719A927CC5,2739,1779,Adware,com.beerbottlecheck,FALSE
582D84AF94E390C0DC0ADD9F48B465A90457C89FB8A7AC2711858E1D9DC30691,3003,1981,Backdoor,com.xox.kantine,FALSE
6689319D3942E2B96E533CCFE1614F023999D530199F8998A6A6986C0A039353,2739,1779,Adware,de.ssfoodlounge.obertshausen,FALSE
71256613ED62E9D177D0D807D6FBE3AAAA24AF1348BCD1760A16D3C5065D3909,2739,1779,Adware,com.rchedeveloper.mysomtumfood2,FALSE
B1908D38E44242EECE0CC1D11E51CF482400977F110D8210FF9C12D7365AF743,19474,12363,Trojan,arrest.brush.lounge,FALSE
864E5E2A769E478A6EC43A8A8CF0988488F50A5B7BA7ECFB94D8F88B78386103,24613,16464,Backdoor,lite.magic.emoji.pho,FALSE
051DDEDC9456FEA930F44FF0054614AED9DDA652D95B5F51567ED5F68CA118D3,14093,9119,Adware,com.app_bellitaliapizzeria589.layout,FALSE
E148FD344275BE26600A3C46BD8E58922610D331AF273F9B841C1881417ED059,22128,14341,Adware,khaina.kuepernikahan,FALSE
349CA3A1DE4D2AC365FD2C09AF3FF949F1EE92DAC6919DE0F0F4B07035E121CA,22128,14341,Adware,fr.margesetcolonnes.plm,FALSE
0C03431608C17B363C42C0B0F533753A0B0CE10A02CDCB86ED2360C00EA8120F,22128,14341,Adware,com.shore.app655739,FALSE
C1EA969F8F83FBE028748CBEF777C60E22B0E438CCAE53AFE3E315C6A983AACB,22128,14341,Adware,com.universal.informer.plov,FALSE
F0EAB716DEC29DE48169200B9E7A49271D0F67DE0EE03D89A257A4557B31C3AC,22128,14341,Adware,com.universal.informer.plov,FALSE
44E4FEFE1D59207B12013D80CE432AE7D8AD7431A288F8F4986961E41219E8B3,22128,14341,Adware,com.universal.informer.plov,FALSE
363ECCDA2A6FE96FB070A00A049E44C858E3E064285F2FE7DA0D791A7136D5D0,22128,14341,Adware,com.universal.informer.plov,FALSE
66DA7CB464EAB030D67E4BECFFF7B2B6453EF2FD568438DD162ED392E58442D6,22128,14341,Adware,com.shore.app655739,FALSE
F63588946B360C42F1F60F85BEEC9EE98960F164DD0A27907619F6DEA5E2FFC7,22128,14341,Adware,com.universal.informer.plov,FALSE
911DD527B24F0FB77D338DDB3A1A5B071D5DDC05DA2C06F5C2031A50FCFD31EA,22128,14341,Adware,com.neemo.aicaramba,FALSE
7C7F286F9F262CCE59971B7E033D32D4795292C766D129C9331473A68208004B,22128,14341,Adware,com.shore.app655739,FALSE
236A3E24E3D210881BB4178B871E87C480DCEB82904B3A39A42E4024E0223350,22128,14341,Adware,com.shore.app655739,FALSE
DF3EFF9F085F00DA6BD5EDB20E6298851FFAEC4594230AF5CD207CF19F0C9D92,22128,14341,Adware,com.shore.app655739,FALSE
1E7CBAB176425AFE64659D73D2FE92FE12051CC801A8D8C175CD1E890D3FF3FA,22128,14341,Adware,com.universal.informer.plov,FALSE
1E83755D25D095732B89EDCEA8E0E24FC4896CDD89B25A5EB1D2AF5914037096,20655,12470,Riskware,com.jianwan.ydhm,FALSE
1DF0FA5EDD79A5AADE7D4A3DEFB3AF82D22C256ED986FB9A26314646E22F5D4A,54154,37346,Backdoor,com.robtopx.geometryjumplite.hack,FALSE
08B56027399C615A8A743233AB10C6AE452BE1086E1F81DB21AC75FB76D1FF89,22128,14341,Adware,com.actionprompt.chicagosbl2,FALSE
5269D2D763B65213F1D7101E010C0596615415FC02D7E0069C08E6AE7A4D51FF,22128,14341,Adware,com.actionprompt.chicagosbl2,FALSE
7B9B01EE1FB0D7E42C4A1C993D4FCB38D7673EEAFD6B1DD376F8B662579FBDEF,53006,36196,Riskware,cn.youth.news,FALSE
CC579EFF5EE5B96B6B7650C20D5DFEDB78BE10EF7774846B5C87A2A7028DE7C0,22128,14341,Adware,com.tototomato.africanrecipesebook,FALSE
B025152EBAE5DFE56A54EA419BD9DF093B61FF8CDE345CBEDE7AF603A0FFD9F1,22128,14341,Adware,com.actionprompt.chicagosbl2,FALSE
89EDC42CBDD56E78146C421FE2B858975F61FB5B6577944865F662DE721BC466,22128,14341,Adware,com.actionprompt.chicagosbl2,FALSE
C33F8F98E34964EF0195E2ED7FBAE7831A9D92508D9E2D415DCBCD06646344BA,22128,14341,Adware,com.actionprompt.chicagosbl2,FALSE
7BD15FC5B476B15D77C9D1C5B5396F74753E62AB0ECA4D43F7A57E2F5DADA2BA,22128,14341,Adware,uk.co.etakeawaymax.shamsspices,FALSE
BB89B8DD3903DD0BF565EFC2F1864B085B837F4375102D53EFE8B869AA17AFDE,22128,14341,Adware,com.tototomato.africanrecipesebook,FALSE
E9E1E8A5D2D60F3D4AA9E190337B58C5A982AA88B06FF979085CB90635729D97,22128,14341,Adware,com.tototomato.africanrecipesebook,FALSE
8951062C2F6255AE11F041D7F7B6663E0D7B9DBE26326FB1899FD4B6909B2CE2,22128,14341,Adware,com.tototomato.africanrecipesebook,FALSE
73C194392CEB5481CF118641E29EA48F8079214299A034F8A297C8D0F9094E80,22128,14341,Adware,uk.co.etakeawaymax.shamsspices,FALSE
BE24F87DB108CC85C110FA81BA9474258ED76D31AC252D6D3DF0BF76F0A9EFE6,22128,14341,Adware,com.actionprompt.chicagosbl2,FALSE
8F836AB5AE2A89CBC9C3161EA0FC4CFBFAFBB488C8F057EF6A38288DA25BDDD9,22128,14341,Adware,com.tototomato.africanrecipesebook,FALSE
4D9BC7C989BF6D1BC750D8BC45955B32ED6AC7A727F0167F291CFBA1AF01A5A6,22128,14341,Adware,uk.co.etakeawaymax.shamsspices,FALSE
58A1D751FF8D0B5032F65158F0DC01841394E7C23AF4BD441C1F3F35EBF640AF,22128,14341,Adware,com.actionprompt.chicagosbl2,FALSE
8D055DF5411B089FD22756B923B1134BB4BD5DDDB74E181BAB53EF984CA15582,22128,14341,Adware,com.migastone.app.android59410ba10c033,FALSE
755B2150CE73F27E29121992B243ECDAFD42F61A5B360DABA441D9845FA7C7F9,22128,14341,Adware,com.actionprompt.chicagosbl2,FALSE
8617E2FCD878F473AB24DD8EC38997D2A7553405BED4EBC698C1A9A8AF3AEBFD,22128,14341,Adware,com.tototomato.africanrecipesebook,FALSE
182BF7D8B37A83390FD9A7EAE9D3DA550428224C4BFFCFFD172C2D96320C923D,22128,14341,Adware,khaina.kuepernikahan,FALSE
2C153080FB59344F9F854AB925B9CF546DB0A9B5E4A53C612623E56641526DBC,29091,19058,PUA,com.perception.soc.en,FALSE
515C686E363BC5BB3ED957DF803A010AE364C61EF92FE2A72A492026C28F61DC,36316,23367,Riskware,sogou.mobile.explorer,FALSE
1FDC1CE464E1EA34664DDA8ACAFA09B88BEEF6DC0D2E705270986A3A58E74883,2321,1396,Adware,com.app_codeha.layout,FALSE
07C267DC1FB8BF3366FF1FB7EE7A278B3AE172C09D2264FEA165C495BD53B036,2321,1396,Adware,com.encodeveloper.gujarati.gujrati_rec,FALSE
0FB5D2FF050BC179B9E75EB6124AB09733C56AD4AB50DB1699DDC9CB977025C6,15795,9376,Trojan,com.yingxiao.bdcs.zyx,FALSE
B4C3D7D18E30B7D5458EFAAA42DEB59BE18F739EB008C459AC1005898FCF3E35,37072,24927,Adware,com.m4399.gamecenter,FALSE
246452DDEEAEDDC971391CEC5B34AE675A4496A95CBD300CD2E204A382EDFF8E,20039,12036,Riskware,com.bdhl.byh,FALSE
F1F44D0ECD7F8986B14017CC96F9C839960692D1C136A5B26810AB21ADD434CB,5436,3454,Adware,com.producepro.checkout.marchese,FALSE
96A59772B87499606ECDFE2348B84647D6676B76AEC303B1594DBDB479C8FA1C,37072,24927,Adware,com.m4399.gamecenter,FALSE
EA6B21193EF1FBBE5AA57F217EB7CAA79D688E4E04088C09C089926E187368EF,53009,35588,Scareware,com.wFreeMedicalNotes_10798323,FALSE
CE429F54E9F5753532CAD2C609DC46975D0CA5EF792C496E37E3F626A014C7BD,17517,9945,Backdoor,com.br.pizzamaker,FALSE
36A465DBA1EE2BA5DBB9380B3DA1C2A2227DB93B0DD30651F056AE85503FBE81,9204,5676,Adware,com.ninefold.bondisushi,FALSE
A4F23B425358892675FDD7050E0E6D7A84B1F44D26A81F1B0C6CDC91D7AC60C4,53009,35588,Scareware,com.wBibleVersebyWilliamRNabazaofwwwNabazacomDesignsCollectionsonZazzle_12586791,FALSE
39C47D074D57DB24AC4B7C21808638AA284D6589D70D084ACCDA8CC6243B1932,53009,35588,Scareware,com.wSoftWareZionbyWilliamNabaza_12634125,FALSE
82AE258FDFCB9306866CBA7775D5E0B39040463A8DD5858491EE82AD77F9E663,53009,35588,Scareware,com.wWilliamNabazaCherryTraffic_12680796,FALSE
A38BCB454684D379EE7821F1A54C5B660BA833204156B995ECD892AAB076B545,53009,35588,Scareware,com.wOmegaPowerMinistries_13525626,FALSE
AD091A45E6EC2F8F48D5271B1817C51CBFFE04206F39ECA059FE75C762A78EA3,53009,35588,Scareware,com.wSturbridgeTaxi_13612497,FALSE
BE117F06B01BEADFCE23BA334189F0D837370C2BD3F0027597A4143FFA65F0AF,5785,3506,Adware,com.wRoyalGrocery_8098929,FALSE
1CAA2F936E195F5AC424E825E3C75318369A3D9CA2CFFC2422622D478E66A648,9204,5676,Adware,br.com.retropizzasdelivery,FALSE
96295591E2C7E25A992E05C6B66CAC2ECC6818B9184AF2EB38FACBE3A70D8DC2,5436,3454,Adware,goldenburger.creapp.com,FALSE
4F32837956EE9A727C5A817945BF7EF8B321FFF54FE7B31A9BE05A14CAE6D10E,47268,33738,Riskware,com.qihoo.appstore,FALSE
EF3696C194B0D02A235F0264B5461BB999A0B233DA9C7999C62ED0635421BB4C,5436,3454,Adware,ua.FoodSoul.DonetskSushiTaun,FALSE
78C777984E0F7817033B7929FEDF486D1865CCCD248F9791AFC96FDF659BA938,17517,9945,Backdoor,com.gentongsehat.fudzapp,FALSE
8EC755B5C5CC08B866F60D4A4F8467C02AB28C026688F32D7C8A937E2A7A0CEB,17517,9945,Backdoor,com.intecmedia.lateliercorinne,FALSE
65244206980B151CD225222B69CD567667BCAF6D0831F1A5DA47883F13B8861A,53009,35588,Scareware,com.wJustSocialPanel_13605704,FALSE
D19B013045C9AC548C7054FACB9698AA7AAD3270A213760BB0033AFA5009B5DF,53009,35588,Scareware,com.wViralHostscom_13131017,FALSE
7259D0207BF58E70CC0B2D098CC2A152D9EA887F433B5C61D6E3BD7D3D048F56,47268,33738,Riskware,com.qihoo.appstore,FALSE
E64C97CE16CD8E72B4A7AAC9223DFA8E91DDB3DF6B68B68B2A65FBB65E330FDF,53009,35588,Scareware,com.wEarnFreeBitcoin_12736742,FALSE
3C3A36CC01696B335E73BB1E6277F2D9C9272BA076D729DCF5CDACC76A093349,5436,3454,Adware,ua.FoodSoul.DonetskSushiTaun,FALSE
07D7D0FB071BE292D347F1AB1E582204319BD814E2789AD8F761239F0B258232,53009,35588,Scareware,com.wVirtualBitcoinKioskbyWilliamNabaza_12607303,FALSE
53B2F485D6FAD7FBD3F70FC3756C48154E49323A760293AD0CE40855FD50C7E8,53009,35588,Scareware,com.wRespuestasCatolicas_13560849,FALSE
1CE37709FA34EDC482EC4BD3C5B9E6A2D7D06EDF8FDD58D16FB635DF5DAB6795,24212,15089,Riskware,com.xiaoaoxianxia.my,FALSE
3AA3A66C4AB09844E7F3942BA4D911631CBA732746BF1F2B97AE533DB327C17E,53009,35588,Scareware,com.wEarnMoney_13571098,FALSE
E01E97F7441047C0EF1B3394EE9C77D814436C3ECE11E0781FA9920228FB44DF,34205,23330,Scareware,com.dcloud.CTIZETUWZY,FALSE
6D447C7E0D178B90F5050DC8B7E5F485A576AFDEABF290A601FE30178B147067,17517,9945,Backdoor,com.gentongsehat.fudzapp,FALSE
DB514943E29CCA10E948C2B8DC453A1AF946510F35ED7D72E0D31247A63CB3B2,17517,9945,Backdoor,com.appsmart.delivery.darbarmuenchen2087,FALSE
6FBB48E729C21C2F4709513C9BE87DB042132E17C5CD83D41ED4DA8824B0F394,9204,5676,Adware,com.goldmobileservices.militarydiet,FALSE
FEE49FCC62198C5166EBD6164877D3712A45B1EE195C3C72559160D6CE975DD3,17517,9945,Backdoor,it.xmenu.putapario,FALSE
F164921987DA185DD7277958D08A80AECA533E97FB198739BAA2EE841C03899C,17517,9945,Backdoor,com.br.pizzamaker,FALSE
2CB0C2919BF0C5B31EA394C7EA9506D29C6651FE0283B2BF26087018C29E3CD3,9204,5676,Adware,com.iws.deals,FALSE
F2D867F2626FD51745EFA3B9B8C3D9CB3E145633A8BC6675AFDD431F96C5311A,53009,35588,Scareware,com.wSAGSOMITY_13763831,FALSE
0F90530107233D720A553748CFAA48656C45B1E62581D085F2796B07C71F39F9,53009,35588,Scareware,com.amtgenova.hirinor,FALSE
D458E7E16545C88440B4DF50752A24E6D65F096BA0DF0A33BBE5EE5D63CB510E,53009,35588,Scareware,com.wSingle_13751179,FALSE
37F6AA6B8DFDABC96B01BAE320DB6BE93669A63137B937A2CC1A07324CC4351A,53009,35588,Scareware,com.wtether_13787989,FALSE
F81C221EBDAA37B19B77B10515524B8209A8D94F893320FCAEE094DC1B48BB24,53009,35588,Scareware,com.wLeoVegas_13833093,FALSE
055945D54ADE40C535331C02ABA9F7324CF3B15D9E16A74CD3EB131CB5CE30AA,53009,35588,Scareware,com.wSlimeShop_12288272,FALSE
A5591F47ADAC060D6AACD8317A9DEFBFF04C90261C530EDBB84F1531E548A394,53009,35588,Scareware,com.wDUNKSHOT_13945599,FALSE
BFAFDA9E009DFF7BD32297E6891441C1701A8D7088436408B5933804C262246A,7875,5510,Scareware,com.bava_moulavi.malayalam_speech,FALSE
16C7D2AFE0FD31E91A59FBEAFCFD56CBAA4C6151F23CD7483A1C15A964D3BACA,53009,35588,Scareware,com.wMiningRigRentalsAdvancedCryptocurrencyMiningCommunity_13981791,FALSE
396261849D423EE7BE1ED30AC6614AD8B2D275DB2A8B3573FCB8A61E8E0461F0,53009,35588,Scareware,com.wSikhsTV_13599024,FALSE
C083748C6CD536A9EE6BA734C031D6EE14341209ABB097AA76313418DCAE211A,53101,34010,Riskware,com.aheading.news.zjdali,FALSE
09EB97BAA3AEE3B5B7B3093A50E20C8A4963BA14F723E3D5BEE3F2DC8B66D519,53009,35588,Scareware,com.wBTCLDomainChecker_14019627,FALSE
39524827FF7B96D230133060A4B8116A343E90744ED27C7A05B2FE5A7ED41CC6,24267,15132,Riskware,com.tyzzssblc.my,FALSE
D2120A53C0F886E2F2956452E5A03A4FD4665E8009EE0D93DC953B94123A0914,37950,25795,Scareware,com.gufhn.plknhh,FALSE
82BD038D772A62CBF645F90CEE2E285F7251D92C2CFF3CD685AA0CBFFBC5FB9C,37950,25795,Scareware,com.gufhn.plknhh,FALSE
A372DED8A0FC9147B612C9A49AD4B54A4382162BB366182B5185D40A5DDE71CC,53009,35588,Scareware,com.wGames_13802042,FALSE
EABDFB7CB9E85A6305BF892ED0779589A27490F7F95A27D7EA0E5055F29C2FEB,18213,12064,Riskware,sogou.mobile.explorer,FALSE
9C64DDC5E111307174ECF3E53219AC23755B8FFACA759D4936C95108F4D6A761,18807,10888,PUA,com.cqhy.jxwdfc3d.mi,FALSE
31EFFFFA4DD9CE037ACAD369B096BD8D3891BF027B6DF3221A1211544297614E,53009,35588,Scareware,com.wPeshsafTV_13720875,FALSE
9183D1364EC1683160DDB1D4E317974940C9EA01CF9021E19B1D0463CFA32E46,47268,33738,Riskware,com.qihoo.appstore,FALSE
883EEA86DB7C81DE7857C30BB1F101175779992EBB1DD1AE3F44EA99F627460F,53009,35588,Scareware,com.wGangsterParadise_13842931,FALSE
D7C443FF71D1A3814DD33CB2704274A7B83667ACE827C15D3F364800571E7F88,20658,13410,Riskware,com.tianyuyou.h5.tyy_67151,FALSE
AF0453E857603895C7AFFEE3754C7BB7D7D1D1B254FCF1E4125D22CF62C71B82,12753,8081,Backdoor,qr.barcode.reader.scanner.tool,FALSE
BE35B81CA1BE7F56686595F48364EAB3683E594EE7A9F0BCC0B45000233FDEB7,17471,10474,Riskware,com.zq.lsghlb.niudao,FALSE
831DB6B2A1FD372E641E89EFDB84D8F405D56AE9013A3C3C3E26DEFB81AD34AB,5785,3506,Adware,com.viralapp.juicerecipes.viral,FALSE
F975E90ACAEF459CFDCB4FFD478E8A8F4D22C8C61988FF55C2C06F49B378437A,53009,35588,Scareware,com.wHolyFamilyTracker_12703925,FALSE
C0A491E685AA273C188163B05CCBA58690584AB1A3A64F9F45A8BF9742182A04,21887,12264,Riskware,com.yingxiao.mssg.xmw,FALSE
7C4A6A05832BA779495F701AD3456E6237F7A7F43B22E84C534CCEA89D3C4497,14867,8501,PUA,com.netease.ycyzj.mi,FALSE
D5428DF3DCACAE965B40CCF44C694B42B37A6263323814747BAB7683371555C2,51905,35035,Backdoor,com.aplus.camera.android,FALSE
E4266C1EC5686032CE246F81E54F3CF8235BDBC3596E37658020B5E3234D6B7A,53009,35588,Scareware,com.wBoatRushPro_13945656,FALSE
B9F74637782AD49680AF1D27396984B9163718B530AA42D6127FAE63F3F12FD7,55852,35264,PUA,io.dcloud.H57AD1EA1,FALSE
C02D0DFA0DA41AE9ADB50ED234A1CFCEF19DC32C3F08901C7A099FC365E84D6C,53009,35588,Scareware,com.wLoveSoule_13864193,FALSE
3720E08AA44D54EEAA1975AE877523F7BBF0CC31BA330C73CBF981B0564907E4,52019,33914,Adware,com.moxiu.launcher,FALSE
459A58150F21317077503CE13DC1C6798333630D3AD5989BAD3C6C4BDEEC2E2F,52060,34464,Adware,com.moxiu.launcher,FALSE
2EAB42F651D8374E0AC9C3EBA0DF17CC616BC40697E01B6D2251F19B83788B04,14726,9655,Scareware,cw.pub.bundelid933152,FALSE
8AC5DA389900CD7AC3A58A68CF2E9C40A399E220EBC40C578ECBBE1CCA954F01,927,766,Adware,com.yn.club,FALSE
E6DEBB759EA60B341CA6F591506152EE469C699C9148B1582E03DB007C627CDE,42981,28720,Adware,com.hoge.android.app.wuxibobao,FALSE
06AA8AA575CD7AE972189E95FFD8152C2A38862FA4E56911535B5741FAF1C528,24243,16012,Riskware,com.qihoo.contents,FALSE
53A7ED6AB47CE8CA460A7360FB40C4D50672BD5B2D5639CBC2BD86BD91A76A9B,52401,34303,Adware,com.wxb.weixiaobao,FALSE
31CFDE0E857352DB144C98F117277C9CDA018B60C8464E07E12B3AB52AED3473,52530,34612,Trojan,com.kaihei.wufan.mars,FALSE
7A190C4978E716B1BBCFDDFC6CFEFC87230B979A42EA79949296BDC25722FE2A,6465,4187,Riskware,com.silverbat.knightage,FALSE
D0CCA468EE43EE6A5128847149F6AD281A796AEAB0D2E75933A486BCB1ACC503,31127,18922,Trojan,com.ea.simcitymobile.yyh,FALSE
4A660D058733BA43F6FF40F98F9711E1F42FFF578FDD3BE288E5D03EDDD50CE1,52629,32933,Backdoor,com.stilt.walker.control.obstacle.run,FALSE
92692E11F9584C557639033673B2F65A9F73F7677F80C688A3CE37B55F99169E,46684,31216,Backdoor,com.pop.game.peter.shoot.ltc,FALSE
6464286338BE0F963DE9046A5F6D9FB82376EE3491EE52036D20F8047853EB14,55315,30951,Riskware,com.bantu.zqsgwy.google,FALSE
85973DC015EDD2E78D354F40EC3D1F9FC52102138B1F05C86B93DFDE8839D851,44346,29138,Backdoor,com.desert.against.ygygy.game,FALSE
F6F7C37D3C8B26174F17EB2D86034819AC68F4D04901A228CDE62FFA9011B3EF,21122,13155,Riskware,com.hemei.xwfyz.manba.tyy,FALSE
7E57A8DA68D48B711437814153390DE06E8757CA5FDCD41F1ECCAE5A07390DCD,25147,10455,Riskware,com.gameme5.FTHDHD,FALSE
5F63A5A9B3B5C9DCB7102CE0D8930510F1A21067C7034E13E6D09A001052024B,16136,10378,Riskware,sogou.mobile.explorer.speed,FALSE
D0A23A00D5CB0C02BDDED1EB67CFA5B31D5A0335D328A042E6E918CE5BD3FD14,54789,34533,PUA,com.huizhouyiren.a1004,FALSE
3F57ED9EFC564681D801E3266D1E428ED2038FBA725DDDDF106E4EEEF378E785,45103,28739,PUA,plus.H5A84F959,FALSE
1A6E08ADA04650508A6029556635DF70730A884201EA8D9E016334A474B9D86C,53229,36683,PUA,com.baidu.video.pad,FALSE
4D57B4DDBBDA2AB567C8A9D94522DDEB8D881A3C16528A1B89B19E8030D45B2F,53229,36683,PUA,com.baidu.video.pad,FALSE
34E9583396F1E5C125DF5C7AA9C46527E3538FADF5C649823B4F199D3A5F0BFF,44434,28068,PUA,com.services123,FALSE
7534E2BD0C1277FBAAFD9652FFB4AAC96F1D67F397CD35D8E8784D5E3B8D6B31,45239,28838,PUA,plus.H5A84F959,FALSE
1F3B31D38C2ECB3FE9069D78D6BAB73C01D7FD11900862F90049AD13DD5FFFEC,21038,14353,Adware,com.wTahooBakso_31,FALSE
13C7132505723FD4518CD37F19F69252A12CCA75154AAB0B8843A7C9517A97B3,3003,1981,Backdoor,com.InoveSystem.iMenu,FALSE
4A985C4FF72442A988C20596FD01B5995AEC95938D8606AADFCD6AC9C35F8A7B,15427,9089,Riskware,com.xd.sgzm.aligames,FALSE
B99AE8A1E22CD123E6001EF7422A7868034E83181D43C4438B675BC02E8535E5,5615,3642,Adware,com.recipe.rhenish,FALSE
0A40FF516DB1D275723B069971EAEDC6AA2AD27E640DC8B8BF981B952C30FD47,54044,34695,Riskware,com.yxxinglin.xzid1273,FALSE
921D0511BF0E339393E829855A25736F9C371D5265C79C62E3F744A99AB3CE56,54774,36976,Riskware,com.woyaotiaohe.jie.bd,FALSE
86962A3967B602FA70742379E29C02B213A688B4E9FB8D55760426F0F65306FE,21038,14353,Adware,com.shhiwatramadan.zino,FALSE
69FDF3A1F0586B335DB7FBBBA03F92B0A204256773D3C843DDE058CB0A179018,34242,23364,Scareware,com.dcloud.LTQMHFZQO,FALSE
08099606BDFCB2206245D3B555908153CAFE41B5D583DC25C747593540446794,5785,3506,Adware,pizza1000jundiai.creapp.com,FALSE
D0748109A860E2E6446E9BDEBCDF6404CA6DD1A444C31ADD6E44050BA31184DE,6991,4987,Riskware,Team.kpah,FALSE
30E5E47E00194CA19A762EAA4601DA486F4FF22B22CFB82BBE31B0D58DD2833C,7534,5197,Adware,com.idapps.resep_puding,FALSE
F35578E41E5104C4348A34A0E8CF2CD46670A523C3388C7B1F654AAA5DBE736B,34166,23300,Scareware,com.icloud.BHHXPHBRU,FALSE
142B3A072FA3E4A97A6A1BCD4006BF551B4985DAA96A187DB02E6659DC81A8EA,2321,1396,Adware,appinventor.ai_HDer282.cachacarainhadacana,FALSE
B91D57D415321B7F01A48EB14679559ABAE9AE4F394A2E0C4273DC00FEF33B31,2321,1396,Adware,appinventor.ai_HDer282.cachacarainhadacana,FALSE
4FAC2F7B2C9AEA4C1AD6E84CEB14F7526B1ED349950F88A03D0BE12A33BE4968,2739,1779,Adware,com.wpmaker.portalpizzas,FALSE
A29213BDC3944FA342525CD3C1BF72E3918470D5D41EC3078B07A3BCBB17C2A7,21038,14353,Adware,com.newkhokha.tikkaRecipes,FALSE
4FBB0633C98DDD8D6505FE4E6BBC8C4CBA410347843A17ADA0D72BE0F24276A6,2321,1396,Adware,com.dip090217.anekaresepmasakandagingayam,FALSE
A7A132ACFFF5DD4A27AF10611A9C48FB29C3604B633F8FD894501A089676EC78,2321,1396,Adware,com.mealgarden.mobileapp,FALSE
7B6D4373D3A733D97587D727A12B7E97BF2DB674D0E3DF626BCC150DE2F3C3AD,2321,1396,Adware,com.dip090217.anekaresepmasakandagingayam,FALSE
E66F70F302ABB366D4A5B299B6B555EE44A119A3FE6F9689DBE478874AEE0D63,44322,28099,Riskware,com.seeksth.ssd,FALSE
BCAE866A08DDF420E1485ADCC0D5415C4A98180581E8CD8518209701F0741643,14513,8609,Riskware,com.suibianwan.hrjh,FALSE
ED393619F7B3D4B62A9B560279986017BBFDA8D8047C12DEAB7C9177F9BB1DA3,38626,25361,Riskware,com.leningmeng.phzlm.nearme.gamecenter,FALSE
E1CE4CE53F4BAEE270A0A9A9C61C389C5F1FDC618521C97853F5F10D32C1268E,24371,15397,Riskware,com.shmpgzb.game,FALSE
8464B5F47F212A03525EDBE220A358EEEF9E10523B93D7368B02F22B37B79274,19260,11327,Riskware,com.wdcq.bt.qipa,FALSE
9B7F2358F3DA715B8C7A37B14ECC15D96E087A1F740054E5E1A8C93AA4A59C61,24171,15257,Riskware,com.bdhl.hh,FALSE
937FA2AFEABDAB5910886724A0DEF4313F169C66462B18D60813FF7996250AAB,2321,1396,Adware,com.ricettio.dessert,FALSE
AEBA118636615BC3A036A3161AF7F16033A6EB7B321AA67BEF94BEADF3258AAF,24225,15300,Riskware,com.wldzz.game,FALSE
AD2CA80B00390BEB4C847E2002EAE652DCD3EECDE934ED14D95ED01729373957,24296,15350,Riskware,com.game.yjfx.jytgame,FALSE
C529E48C8F24B3C04547D4D54D875CCF662EB7C6DAC1F9C735763F229FEC9A00,39609,29099,PUA,com.qihoo.appstore,FALSE
89E4A6430E528DACB57CC8B350B9668E376270935E363DDBE33A51F7A314D785,37072,24927,Adware,com.m4399.gamecenter,FALSE
3A2514563D6E92E4D8CA4F4AF499DD449F1ADD77DD6A0CE13B74062B2DBEE5F1,132,51,Riskware,com.mrkj.taoshu,FALSE
BC7B35738B6315020B414388C8AE497E4AA2D44896687EB0E8753AE5B87AD550,38867,28559,PUA,com.qihoo.appstore,FALSE
81261D4BAF5DCEB46C552CBD0DF65EB1833E33AC2F6D142586D9CAF8CF41A1B4,21038,14353,Adware,com.chownow.goodbean,FALSE
057809E3B42B8B7A4F437A8CDBED5F7B78DA66127794F8A9BF4F686693544BE3,17526,12682,Trojan,able.version.fever,FALSE
9BA9AD408A114192254671B24B01AF7980F879F3962232389CCC835ACB87582A,27811,18313,Trojan,com.uncover.army,FALSE
A69605CF0369CFE883E004403352A48A55B73B4BDA1E7783212E259AC7371D56,24203,15303,Riskware,com.twfxxdb.fuligo,FALSE
BE926874151A87937361A421FB5EA8466E87717898158E27A5E72C57680A4950,54154,37346,Backdoor,com.cmplay.tiles2.hack,FALSE
13379D9BC7B18EA3CBBF09E48B302C7E1BFD4CFDE3F4D538EE62073153FE0150,22128,14341,Adware,com.ginortcar.recetas.comida.casera,FALSE
A405F3B70A1473F230A42B72D851CF70C830F51EE20899A858D6E5D26E748336,54154,37346,Backdoor,com.shape.change.hack,FALSE
3A66920DAC03FF7F7AE3A6C7A8DB9ECFF08AF68D66A040ABF776D5060D577BE2,37024,24889,Adware,com.m4399.gamecenter,FALSE
442D3FB99A211111DDC64ED58AF40F9A2ACAFB57EC80E36723AC8457F3859E24,28600,18818,Trojan,com.health.other,FALSE
90B4EA5B5B05D0651610E4F07BA3809BFA43A4BEE2CD96C5880A63E68FE75840,33169,21393,Trojan,com.firm.violin,FALSE
D1DDFD14F87FCE144E16E3D2F3ED7F72A92D840A6B0DC77620F704DB6167AFD5,27516,17790,Trojan,spot.mistake.apart,FALSE
4D1FFE78094FF092DF172F1E9F7BCEC804F9119EF45EB6520B52F63A7147C306,54154,37346,Backdoor,com.bluewizard.slayawaycamp.hack,FALSE
5ABAA68C979F7FA1933CF02B421D99E8109494C6038FD4EB3C9F4F338EDFD7AF,28126,18364,Trojan,com.add.desk,FALSE
6114D2F202B3EE3A524BADD420BA3ACEAC95ECC41DE56538A3BE9BFDC579C5DC,26518,19349,Trojan,round.script.defy,FALSE
EDDA95F68C0CDF9F4C13E4E35211B42666C014F2C0831210B59296071139F159,29571,19535,Trojan,com.home.nurse,FALSE
B3939D0E5857A2F382236B572FDF732A41DE13E24650DE43B5B826FB97A361F6,28990,16815,Riskware,ch.nth.android.contentabo_l01_sim_univ,FALSE
F8D3648FD1FEE0B6C470574509EE013815CBD919CD1788BF2BC7C1147C08BC45,19332,11242,Riskware,com.zk.xiaogua.txd.jy038c,FALSE
AF94E27781CAD26056C6724CC89CD6D25A801B5FDE088348DFAF84E384C7FDCC,28990,16815,Riskware,ch.nth.android.contentabo_l01_sim_univ,FALSE
782BD210A89825DE20E211EE49066D5C1595CB1346658873FEAB600E032F0D92,54325,36209,Backdoor,com.wGuitarProTabs,FALSE
